number,name,grouping,local_sorter,recipe
"1","Lunchbox Bubbles","Lunchbox","Bubble","CUSTOM HYBRID • Cut the input into consecutive blocks of ceil(sqrt(n)) values. Sort every group using Bubble: Sweep neighboring pairs until a pass makes no swaps. Finally merge adjacent sorted groups in balanced rounds."
"2","Cafeteria Election","Lunchbox","Selection","CUSTOM HYBRID • Cut the input into consecutive blocks of ceil(sqrt(n)) values. Sort every group using Selection: Repeatedly find the minimum remaining value and swap it to the front. Finally merge adjacent sorted groups in balanced rounds."
"3","Sandwich Queue","Lunchbox","Insertion","CUSTOM HYBRID • Cut the input into consecutive blocks of ceil(sqrt(n)) values. Sort every group using Insertion: Insert each value into a sorted prefix by shifting larger values. Finally merge adjacent sorted groups in balanced rounds."
"4","Juice Box Shaker","Lunchbox","Cocktail","CUSTOM HYBRID • Cut the input into consecutive blocks of ceil(sqrt(n)) values. Sort every group using Cocktail: Sweep neighboring pairs alternately forward and backward. Finally merge adjacent sorted groups in balanced rounds."
"5","Noodle Untangler","Lunchbox","Comb","CUSTOM HYBRID • Cut the input into consecutive blocks of ceil(sqrt(n)) values. Sort every group using Comb: Shrink a comparison gap by 1.3, then repeat adjacent passes until ordered. Finally merge adjacent sorted groups in balanced rounds."
"6","Snack Patrol","Lunchbox","Gnome","CUSTOM HYBRID • Cut the input into consecutive blocks of ceil(sqrt(n)) values. Sort every group using Gnome: Step forward on ordered neighbors and backward after a swap. Finally merge adjacent sorted groups in balanced rounds."
"7","Lunch Mountain","Lunchbox","Heap","CUSTOM HYBRID • Cut the input into consecutive blocks of ceil(sqrt(n)) values. Sort every group using Heap: Build a binary max-heap, then repeatedly extract its maximum. Finally merge adjacent sorted groups in balanced rounds."
"8","Split Pea Drama","Lunchbox","Three-way quick","CUSTOM HYBRID • Cut the input into consecutive blocks of ceil(sqrt(n)) values. Sort every group using Three-way quick: Recursively partition into less, equal, and greater groups around the middle value. Finally merge adjacent sorted groups in balanced rounds."
"9","Pancake Lunch","Lunchbox","Pancake","CUSTOM HYBRID • Cut the input into consecutive blocks of ceil(sqrt(n)) values. Sort every group using Pancake: Find each remaining maximum and move it using prefix reversals. Finally merge adjacent sorted groups in balanced rounds."
"10","Alternating Fries","Lunchbox","Odd–even","CUSTOM HYBRID • Cut the input into consecutive blocks of ceil(sqrt(n)) values. Sort every group using Odd–even: Alternate odd and even neighboring compare-exchange passes. Finally merge adjacent sorted groups in balanced rounds."
"11","Bro Bubble Bath","Bro Council","Bubble","CUSTOM HYBRID • Deal values round-robin into four queues. Sort every group using Bubble: Sweep neighboring pairs until a pass makes no swaps. Finally merge adjacent sorted groups in balanced rounds."
"12","Council of Minimums","Bro Council","Selection","CUSTOM HYBRID • Deal values round-robin into four queues. Sort every group using Selection: Repeatedly find the minimum remaining value and swap it to the front. Finally merge adjacent sorted groups in balanced rounds."
"13","Bro Waiting Room","Bro Council","Insertion","CUSTOM HYBRID • Deal values round-robin into four queues. Sort every group using Insertion: Insert each value into a sorted prefix by shifting larger values. Finally merge adjacent sorted groups in balanced rounds."
"14","Back-and-Forth Bro","Bro Council","Cocktail","CUSTOM HYBRID • Deal values round-robin into four queues. Sort every group using Cocktail: Sweep neighboring pairs alternately forward and backward. Finally merge adjacent sorted groups in balanced rounds."
"15","Bro Comb Salon","Bro Council","Comb","CUSTOM HYBRID • Deal values round-robin into four queues. Sort every group using Comb: Shrink a comparison gap by 1.3, then repeat adjacent passes until ordered. Finally merge adjacent sorted groups in balanced rounds."
"16","Tiny Bro Patrol","Bro Council","Gnome","CUSTOM HYBRID • Deal values round-robin into four queues. Sort every group using Gnome: Step forward on ordered neighbors and backward after a swap. Finally merge adjacent sorted groups in balanced rounds."
"17","Bro Mountain King","Bro Council","Heap","CUSTOM HYBRID • Deal values round-robin into four queues. Sort every group using Heap: Build a binary max-heap, then repeatedly extract its maximum. Finally merge adjacent sorted groups in balanced rounds."
"18","Three Bro Tribunal","Bro Council","Three-way quick","CUSTOM HYBRID • Deal values round-robin into four queues. Sort every group using Three-way quick: Recursively partition into less, equal, and greater groups around the middle value. Finally merge adjacent sorted groups in balanced rounds."
"19","Bro Flipping Out","Bro Council","Pancake","CUSTOM HYBRID • Deal values round-robin into four queues. Sort every group using Pancake: Find each remaining maximum and move it using prefix reversals. Finally merge adjacent sorted groups in balanced rounds."
"20","Odd Bro Even Bro","Bro Council","Odd–even","CUSTOM HYBRID • Deal values round-robin into four queues. Sort every group using Odd–even: Alternate odd and even neighboring compare-exchange passes. Finally merge adjacent sorted groups in balanced rounds."
"21","Keyboard Jacuzzi","Keyboard Heat","Bubble","CUSTOM HYBRID • Deal values across four queues, reversing direction after each row. Sort every group using Bubble: Sweep neighboring pairs until a pass makes no swaps. Finally merge adjacent sorted groups in balanced rounds."
"22","Caps Lock Election","Keyboard Heat","Selection","CUSTOM HYBRID • Deal values across four queues, reversing direction after each row. Sort every group using Selection: Repeatedly find the minimum remaining value and swap it to the front. Finally merge adjacent sorted groups in balanced rounds."
"23","Typo Repair Queue","Keyboard Heat","Insertion","CUSTOM HYBRID • Deal values across four queues, reversing direction after each row. Sort every group using Insertion: Insert each value into a sorted prefix by shifting larger values. Finally merge adjacent sorted groups in balanced rounds."
"24","Keyboard Windshield","Keyboard Heat","Cocktail","CUSTOM HYBRID • Deal values across four queues, reversing direction after each row. Sort every group using Cocktail: Sweep neighboring pairs alternately forward and backward. Finally merge adjacent sorted groups in balanced rounds."
"25","COKKING Comb","Keyboard Heat","Comb","CUSTOM HYBRID • Deal values across four queues, reversing direction after each row. Sort every group using Comb: Shrink a comparison gap by 1.3, then repeat adjacent passes until ordered. Finally merge adjacent sorted groups in balanced rounds."
"26","Backspace Goblin","Keyboard Heat","Gnome","CUSTOM HYBRID • Deal values across four queues, reversing direction after each row. Sort every group using Gnome: Step forward on ordered neighbors and backward after a swap. Finally merge adjacent sorted groups in balanced rounds."
"27","CPU Heapwave","Keyboard Heat","Heap","CUSTOM HYBRID • Deal values across four queues, reversing direction after each row. Sort every group using Heap: Build a binary max-heap, then repeatedly extract its maximum. Finally merge adjacent sorted groups in balanced rounds."
"28","Keyboard Civil War","Keyboard Heat","Three-way quick","CUSTOM HYBRID • Deal values across four queues, reversing direction after each row. Sort every group using Three-way quick: Recursively partition into less, equal, and greater groups around the middle value. Finally merge adjacent sorted groups in balanced rounds."
"29","Spacebar Acrobat","Keyboard Heat","Pancake","CUSTOM HYBRID • Deal values across four queues, reversing direction after each row. Sort every group using Pancake: Find each remaining maximum and move it using prefix reversals. Finally merge adjacent sorted groups in balanced rounds."
"30","Shift Key Shuffle","Keyboard Heat","Odd–even","CUSTOM HYBRID • Deal values across four queues, reversing direction after each row. Sort every group using Odd–even: Alternate odd and even neighboring compare-exchange passes. Finally merge adjacent sorted groups in balanced rounds."
"31","Pigeon Bubble Spa","Pigeon Hotel","Bubble","CUSTOM HYBRID • Group values into four equal numeric-range bands. Sort every group using Bubble: Sweep neighboring pairs until a pass makes no swaps. Finally merge adjacent sorted groups in balanced rounds."
"32","Hotel Minimum Wage","Pigeon Hotel","Selection","CUSTOM HYBRID • Group values into four equal numeric-range bands. Sort every group using Selection: Repeatedly find the minimum remaining value and swap it to the front. Finally merge adjacent sorted groups in balanced rounds."
"33","Check-in Insertion","Pigeon Hotel","Insertion","CUSTOM HYBRID • Group values into four equal numeric-range bands. Sort every group using Insertion: Insert each value into a sorted prefix by shifting larger values. Finally merge adjacent sorted groups in balanced rounds."
"34","Lobby Cocktail","Pigeon Hotel","Cocktail","CUSTOM HYBRID • Group values into four equal numeric-range bands. Sort every group using Cocktail: Sweep neighboring pairs alternately forward and backward. Finally merge adjacent sorted groups in balanced rounds."
"35","Feather Detangler","Pigeon Hotel","Comb","CUSTOM HYBRID • Group values into four equal numeric-range bands. Sort every group using Comb: Shrink a comparison gap by 1.3, then repeat adjacent passes until ordered. Finally merge adjacent sorted groups in balanced rounds."
"36","Pigeon Bellhop","Pigeon Hotel","Gnome","CUSTOM HYBRID • Group values into four equal numeric-range bands. Sort every group using Gnome: Step forward on ordered neighbors and backward after a swap. Finally merge adjacent sorted groups in balanced rounds."
"37","Penthouse Heap","Pigeon Hotel","Heap","CUSTOM HYBRID • Group values into four equal numeric-range bands. Sort every group using Heap: Build a binary max-heap, then repeatedly extract its maximum. Finally merge adjacent sorted groups in balanced rounds."
"38","Three-Star Tribunal","Pigeon Hotel","Three-way quick","CUSTOM HYBRID • Group values into four equal numeric-range bands. Sort every group using Three-way quick: Recursively partition into less, equal, and greater groups around the middle value. Finally merge adjacent sorted groups in balanced rounds."
"39","Room Service Flip","Pigeon Hotel","Pancake","CUSTOM HYBRID • Group values into four equal numeric-range bands. Sort every group using Pancake: Find each remaining maximum and move it using prefix reversals. Finally merge adjacent sorted groups in balanced rounds."
"40","Odd-Floor Elevator","Pigeon Hotel","Odd–even","CUSTOM HYBRID • Group values into four equal numeric-range bands. Sort every group using Odd–even: Alternate odd and even neighboring compare-exchange passes. Finally merge adjacent sorted groups in balanced rounds."
"41","Sock Bubble Laundry","Odd Sock","Bubble","CUSTOM HYBRID • Separate odd-valued numbers from even-valued numbers. Sort every group using Bubble: Sweep neighboring pairs until a pass makes no swaps. Finally merge adjacent sorted groups in balanced rounds."
"42","Missing Sock Search","Odd Sock","Selection","CUSTOM HYBRID • Separate odd-valued numbers from even-valued numbers. Sort every group using Selection: Repeatedly find the minimum remaining value and swap it to the front. Finally merge adjacent sorted groups in balanced rounds."
"43","Laundry Queue","Odd Sock","Insertion","CUSTOM HYBRID • Separate odd-valued numbers from even-valued numbers. Sort every group using Insertion: Insert each value into a sorted prefix by shifting larger values. Finally merge adjacent sorted groups in balanced rounds."
"44","Washing Machine","Odd Sock","Cocktail","CUSTOM HYBRID • Separate odd-valued numbers from even-valued numbers. Sort every group using Cocktail: Sweep neighboring pairs alternately forward and backward. Finally merge adjacent sorted groups in balanced rounds."
"45","Sock Detangler","Odd Sock","Comb","CUSTOM HYBRID • Separate odd-valued numbers from even-valued numbers. Sort every group using Comb: Shrink a comparison gap by 1.3, then repeat adjacent passes until ordered. Finally merge adjacent sorted groups in balanced rounds."
"46","Laundry Gnome","Odd Sock","Gnome","CUSTOM HYBRID • Separate odd-valued numbers from even-valued numbers. Sort every group using Gnome: Step forward on ordered neighbors and backward after a swap. Finally merge adjacent sorted groups in balanced rounds."
"47","Clothes Mountain","Odd Sock","Heap","CUSTOM HYBRID • Separate odd-valued numbers from even-valued numbers. Sort every group using Heap: Build a binary max-heap, then repeatedly extract its maximum. Finally merge adjacent sorted groups in balanced rounds."
"48","Sock Custody Battle","Odd Sock","Three-way quick","CUSTOM HYBRID • Separate odd-valued numbers from even-valued numbers. Sort every group using Three-way quick: Recursively partition into less, equal, and greater groups around the middle value. Finally merge adjacent sorted groups in balanced rounds."
"49","Inside-Out Laundry","Odd Sock","Pancake","CUSTOM HYBRID • Separate odd-valued numbers from even-valued numbers. Sort every group using Pancake: Find each remaining maximum and move it using prefix reversals. Finally merge adjacent sorted groups in balanced rounds."
"50","Left Sock Right Sock","Odd Sock","Odd–even","CUSTOM HYBRID • Separate odd-valued numbers from even-valued numbers. Sort every group using Odd–even: Alternate odd and even neighboring compare-exchange passes. Finally merge adjacent sorted groups in balanced rounds."
"51","Protagonist Bubble","Main Character","Bubble","CUSTOM HYBRID • Use the first value as a pivot: less, equal, and greater groups. Sort every group using Bubble: Sweep neighboring pairs until a pass makes no swaps. Finally merge adjacent sorted groups in balanced rounds."
"52","Casting Call Sort","Main Character","Selection","CUSTOM HYBRID • Use the first value as a pivot: less, equal, and greater groups. Sort every group using Selection: Repeatedly find the minimum remaining value and swap it to the front. Finally merge adjacent sorted groups in balanced rounds."
"53","Main Character Queue","Main Character","Insertion","CUSTOM HYBRID • Use the first value as a pivot: less, equal, and greater groups. Sort every group using Insertion: Insert each value into a sorted prefix by shifting larger values. Finally merge adjacent sorted groups in balanced rounds."
"54","Plot Twist Shaker","Main Character","Cocktail","CUSTOM HYBRID • Use the first value as a pivot: less, equal, and greater groups. Sort every group using Cocktail: Sweep neighboring pairs alternately forward and backward. Finally merge adjacent sorted groups in balanced rounds."
"55","Hair of Destiny","Main Character","Comb","CUSTOM HYBRID • Use the first value as a pivot: less, equal, and greater groups. Sort every group using Comb: Shrink a comparison gap by 1.3, then repeat adjacent passes until ordered. Finally merge adjacent sorted groups in balanced rounds."
"56","Side Quest Gnome","Main Character","Gnome","CUSTOM HYBRID • Use the first value as a pivot: less, equal, and greater groups. Sort every group using Gnome: Step forward on ordered neighbors and backward after a swap. Finally merge adjacent sorted groups in balanced rounds."
"57","Final Boss Heap","Main Character","Heap","CUSTOM HYBRID • Use the first value as a pivot: less, equal, and greater groups. Sort every group using Heap: Build a binary max-heap, then repeatedly extract its maximum. Finally merge adjacent sorted groups in balanced rounds."
"58","Three Act Drama","Main Character","Three-way quick","CUSTOM HYBRID • Use the first value as a pivot: less, equal, and greater groups. Sort every group using Three-way quick: Recursively partition into less, equal, and greater groups around the middle value. Finally merge adjacent sorted groups in balanced rounds."
"59","Anime Pancake Arc","Main Character","Pancake","CUSTOM HYBRID • Use the first value as a pivot: less, equal, and greater groups. Sort every group using Pancake: Find each remaining maximum and move it using prefix reversals. Finally merge adjacent sorted groups in balanced rounds."
"60","Alternating Spotlight","Main Character","Odd–even","CUSTOM HYBRID • Use the first value as a pivot: less, equal, and greater groups. Sort every group using Odd–even: Alternate odd and even neighboring compare-exchange passes. Finally merge adjacent sorted groups in balanced rounds."
"61","Goblin Bubble Potion","Binary Goblin","Bubble","CUSTOM HYBRID • Group positive values by their binary digit length. Sort every group using Bubble: Sweep neighboring pairs until a pass makes no swaps. Finally merge adjacent sorted groups in balanced rounds."
"62","Goblin Treasure Hunt","Binary Goblin","Selection","CUSTOM HYBRID • Group positive values by their binary digit length. Sort every group using Selection: Repeatedly find the minimum remaining value and swap it to the front. Finally merge adjacent sorted groups in balanced rounds."
"63","Goblin Immigration","Binary Goblin","Insertion","CUSTOM HYBRID • Group positive values by their binary digit length. Sort every group using Insertion: Insert each value into a sorted prefix by shifting larger values. Finally merge adjacent sorted groups in balanced rounds."
"64","Potion Shaker","Binary Goblin","Cocktail","CUSTOM HYBRID • Group positive values by their binary digit length. Sort every group using Cocktail: Sweep neighboring pairs alternately forward and backward. Finally merge adjacent sorted groups in balanced rounds."
"65","Goblin Hairbrush","Binary Goblin","Comb","CUSTOM HYBRID • Group positive values by their binary digit length. Sort every group using Comb: Shrink a comparison gap by 1.3, then repeat adjacent passes until ordered. Finally merge adjacent sorted groups in balanced rounds."
"66","Goblin Night Shift","Binary Goblin","Gnome","CUSTOM HYBRID • Group positive values by their binary digit length. Sort every group using Gnome: Step forward on ordered neighbors and backward after a swap. Finally merge adjacent sorted groups in balanced rounds."
"67","Dragon Loot Heap","Binary Goblin","Heap","CUSTOM HYBRID • Group positive values by their binary digit length. Sort every group using Heap: Build a binary max-heap, then repeatedly extract its maximum. Finally merge adjacent sorted groups in balanced rounds."
"68","Three Kingdom Goblins","Binary Goblin","Three-way quick","CUSTOM HYBRID • Group positive values by their binary digit length. Sort every group using Three-way quick: Recursively partition into less, equal, and greater groups around the middle value. Finally merge adjacent sorted groups in balanced rounds."
"69","Goblin Gravity Flip","Binary Goblin","Pancake","CUSTOM HYBRID • Group positive values by their binary digit length. Sort every group using Pancake: Find each remaining maximum and move it using prefix reversals. Finally merge adjacent sorted groups in balanced rounds."
"70","Binary Disco","Binary Goblin","Odd–even","CUSTOM HYBRID • Group positive values by their binary digit length. Sort every group using Odd–even: Alternate odd and even neighboring compare-exchange passes. Finally merge adjacent sorted groups in balanced rounds."
"71","Fork Bubble Trouble","Forkidy Fork","Bubble","CUSTOM HYBRID • Alternate taking values from the left and right ends, dealing into three queues. Sort every group using Bubble: Sweep neighboring pairs until a pass makes no swaps. Finally merge adjacent sorted groups in balanced rounds."
"72","Double-Ended Election","Forkidy Fork","Selection","CUSTOM HYBRID • Alternate taking values from the left and right ends, dealing into three queues. Sort every group using Selection: Repeatedly find the minimum remaining value and swap it to the front. Finally merge adjacent sorted groups in balanced rounds."
"73","Fork Waiting List","Forkidy Fork","Insertion","CUSTOM HYBRID • Alternate taking values from the left and right ends, dealing into three queues. Sort every group using Insertion: Insert each value into a sorted prefix by shifting larger values. Finally merge adjacent sorted groups in balanced rounds."
"74","Forktail Shaker","Forkidy Fork","Cocktail","CUSTOM HYBRID • Alternate taking values from the left and right ends, dealing into three queues. Sort every group using Cocktail: Sweep neighboring pairs alternately forward and backward. Finally merge adjacent sorted groups in balanced rounds."
"75","Fork Untangler","Forkidy Fork","Comb","CUSTOM HYBRID • Alternate taking values from the left and right ends, dealing into three queues. Sort every group using Comb: Shrink a comparison gap by 1.3, then repeat adjacent passes until ordered. Finally merge adjacent sorted groups in balanced rounds."
"76","Fork Patrol","Forkidy Fork","Gnome","CUSTOM HYBRID • Alternate taking values from the left and right ends, dealing into three queues. Sort every group using Gnome: Step forward on ordered neighbors and backward after a swap. Finally merge adjacent sorted groups in balanced rounds."
"77","Fork Mountain","Forkidy Fork","Heap","CUSTOM HYBRID • Alternate taking values from the left and right ends, dealing into three queues. Sort every group using Heap: Build a binary max-heap, then repeatedly extract its maximum. Finally merge adjacent sorted groups in balanced rounds."
"78","Fork Courtroom","Forkidy Fork","Three-way quick","CUSTOM HYBRID • Alternate taking values from the left and right ends, dealing into three queues. Sort every group using Three-way quick: Recursively partition into less, equal, and greater groups around the middle value. Finally merge adjacent sorted groups in balanced rounds."
"79","Forkidy Flippidy","Forkidy Fork","Pancake","CUSTOM HYBRID • Alternate taking values from the left and right ends, dealing into three queues. Sort every group using Pancake: Find each remaining maximum and move it using prefix reversals. Finally merge adjacent sorted groups in balanced rounds."
"80","Fork Left Fork Right","Forkidy Fork","Odd–even","CUSTOM HYBRID • Alternate taking values from the left and right ends, dealing into three queues. Sort every group using Odd–even: Alternate odd and even neighboring compare-exchange passes. Finally merge adjacent sorted groups in balanced rounds."
"81","World Record Bubbles","Record Breaker","Bubble","CUSTOM HYBRID • Start a new run whenever a value exceeds every earlier value. Sort every group using Bubble: Sweep neighboring pairs until a pass makes no swaps. Finally merge adjacent sorted groups in balanced rounds."
"82","Medal Minimum Hunt","Record Breaker","Selection","CUSTOM HYBRID • Start a new run whenever a value exceeds every earlier value. Sort every group using Selection: Repeatedly find the minimum remaining value and swap it to the front. Finally merge adjacent sorted groups in balanced rounds."
"83","Champion Queue","Record Breaker","Insertion","CUSTOM HYBRID • Start a new run whenever a value exceeds every earlier value. Sort every group using Insertion: Insert each value into a sorted prefix by shifting larger values. Finally merge adjacent sorted groups in balanced rounds."
"84","Victory Lap Shaker","Record Breaker","Cocktail","CUSTOM HYBRID • Start a new run whenever a value exceeds every earlier value. Sort every group using Cocktail: Sweep neighboring pairs alternately forward and backward. Finally merge adjacent sorted groups in balanced rounds."
"85","Record Comb Remix","Record Breaker","Comb","CUSTOM HYBRID • Start a new run whenever a value exceeds every earlier value. Sort every group using Comb: Shrink a comparison gap by 1.3, then repeat adjacent passes until ordered. Finally merge adjacent sorted groups in balanced rounds."
"86","Podium Gnome","Record Breaker","Gnome","CUSTOM HYBRID • Start a new run whenever a value exceeds every earlier value. Sort every group using Gnome: Step forward on ordered neighbors and backward after a swap. Finally merge adjacent sorted groups in balanced rounds."
"87","Trophy Mountain","Record Breaker","Heap","CUSTOM HYBRID • Start a new run whenever a value exceeds every earlier value. Sort every group using Heap: Build a binary max-heap, then repeatedly extract its maximum. Finally merge adjacent sorted groups in balanced rounds."
"88","Three-Way Photo Finish","Record Breaker","Three-way quick","CUSTOM HYBRID • Start a new run whenever a value exceeds every earlier value. Sort every group using Three-way quick: Recursively partition into less, equal, and greater groups around the middle value. Finally merge adjacent sorted groups in balanced rounds."
"89","Olympic Pancake","Record Breaker","Pancake","CUSTOM HYBRID • Start a new run whenever a value exceeds every earlier value. Sort every group using Pancake: Find each remaining maximum and move it using prefix reversals. Finally merge adjacent sorted groups in balanced rounds."
"90","Relay Lane Switch","Record Breaker","Odd–even","CUSTOM HYBRID • Start a new run whenever a value exceeds every earlier value. Sort every group using Odd–even: Alternate odd and even neighboring compare-exchange passes. Finally merge adjacent sorted groups in balanced rounds."
"91","Mood Bubble Therapy","Mood Swing","Bubble","CUSTOM HYBRID • Start a new run whenever the direction between neighbors changes. Sort every group using Bubble: Sweep neighboring pairs until a pass makes no swaps. Finally merge adjacent sorted groups in balanced rounds."
"92","Least Angry Election","Mood Swing","Selection","CUSTOM HYBRID • Start a new run whenever the direction between neighbors changes. Sort every group using Selection: Repeatedly find the minimum remaining value and swap it to the front. Finally merge adjacent sorted groups in balanced rounds."
"93","Emotional Queue","Mood Swing","Insertion","CUSTOM HYBRID • Start a new run whenever the direction between neighbors changes. Sort every group using Insertion: Insert each value into a sorted prefix by shifting larger values. Finally merge adjacent sorted groups in balanced rounds."
"94","Mood Cocktail","Mood Swing","Cocktail","CUSTOM HYBRID • Start a new run whenever the direction between neighbors changes. Sort every group using Cocktail: Sweep neighboring pairs alternately forward and backward. Finally merge adjacent sorted groups in balanced rounds."
"95","Bad Hair Mood","Mood Swing","Comb","CUSTOM HYBRID • Start a new run whenever the direction between neighbors changes. Sort every group using Comb: Shrink a comparison gap by 1.3, then repeat adjacent passes until ordered. Finally merge adjacent sorted groups in balanced rounds."
"96","Drama Patrol","Mood Swing","Gnome","CUSTOM HYBRID • Start a new run whenever the direction between neighbors changes. Sort every group using Gnome: Step forward on ordered neighbors and backward after a swap. Finally merge adjacent sorted groups in balanced rounds."
"97","Emotional Baggage Heap","Mood Swing","Heap","CUSTOM HYBRID • Start a new run whenever the direction between neighbors changes. Sort every group using Heap: Build a binary max-heap, then repeatedly extract its maximum. Finally merge adjacent sorted groups in balanced rounds."
"98","Three-Way Mood Split","Mood Swing","Three-way quick","CUSTOM HYBRID • Start a new run whenever the direction between neighbors changes. Sort every group using Three-way quick: Recursively partition into less, equal, and greater groups around the middle value. Finally merge adjacent sorted groups in balanced rounds."
"99","Flipping My Mood","Mood Swing","Pancake","CUSTOM HYBRID • Start a new run whenever the direction between neighbors changes. Sort every group using Pancake: Find each remaining maximum and move it using prefix reversals. Finally merge adjacent sorted groups in balanced rounds."
"100","Mood Ping-Pong","Mood Swing","Odd–even","CUSTOM HYBRID • Start a new run whenever the direction between neighbors changes. Sort every group using Odd–even: Alternate odd and even neighboring compare-exchange passes. Finally merge adjacent sorted groups in balanced rounds."
